id;name;description;preview_img;status;score;excerpt;user_id;owner_name;user_name;user_votes
1;interface functionalities microchip;Sopa Orígenes;back Vasco;Argentine Extendido one-to-one;2191;Heredado;42390;Avenida;Blanco services mano;15483
2;connect Guantes;primary;estable;Rústico Herzegovina Salchichas;27017;Genérico interfaces exploit;30072;payment Berkshire whiteboard;Aldea;66159
3;sticky;Algerian Ladrillo;deposit Acero;HDD;71134;Funcionario Acero Austria;6309;Bedfordshire;Futuro solución analista;66170
4;deposit Guinea;deposit Guantes radical;Mascotas;Oficial;63173;Fantástico bandwidth Saudi;28934;Exclusivo Adelante overriding;backing Mercados;11117
5;Integración Subida;benchmark;Acero homogénea;whiteboard calculating;94229;Camiseta payment;4099;circuit SMS;Castilla deposit;49318
6;Masía Hecho;Sorprendente state;Franc;Paseo Parafarmacia;57097;Valenciana;33800;Cambridgeshire toda;Identidad Asistente;84876
7;Nacional connect;de Refinado;niches;Ejecutivo Mauritania;58662;Totalmente;82215;Ensalada;Artesanal Analista;26997
8;Gorro copy;navigating Plástico;Bedfordshire e-commerce;1080p Gerente Directo;93824;implement Ensalada SAS;91378;Re-contextualizado;invoice Librería blockchains;43624
9;bluetooth;hack Rústico Fantástico;Comunidad;feed;86302;Violeta XML;66975;Brunei;Tenge Somoni;57427
10;e-tailers Amarillo;withdrawal Senda;Oficial;a Account;59188;array multi-byte política;81503;Refinado Municipio incubate;copying Brunei;63378
