id;type;url_1;url_2;url_3;status;name;excerpt;publish_date
1;Guapa;Bricolaje Account;Account Parque Informática;TCP;infrastructures redundant;reboot Genérico;Increible;2023-03-18
2;Bedfordshire Oficial Account;Optimización Plástico;streamline driver;maximize;Checking Seguro;Aplicaciones Verde;Automatizado;2023-03-18
3;Checking;online niches override;Granito Obligatorio Guinea;seize;back-end;Algodón seize;Rand Bahamian Zapatos;2023-03-18
4;panel;best-of-breed viral deposit;Ordenador intranet;optimizada Madera;Nauru FTP;synthesize efficient;Andalucía;2023-03-18
5;fritas;Loan evolve;Aragón Música Sabroso;models copying de;Infraestructura Account Galicia;Salud;24/7;2023-03-18
6;Loan panel Música;quantifying Metal Seguridada;evolve Juguetería;deposit;Avon conjunto Rústico;Credit override Director;Cataluña;2023-03-18
7;Borders;RAM;synthesize;program enhance;Director Atún communities;Surinam;Obligatorio Grupo;2023-03-18
8;Supervisor innovative;North;mobile medición;Loan;Loan portal Zapatos;Public-key paradigma multi-byte;Hong utilización Multi;2023-03-18
9;Lituania mobile CSS;visionary experiences infrastructures;Castilla-La Aragón Cataluña;Account sticky;Kazajistan Patatas International;initiatives Pescado bandwidth;Arquitecto digital;2023-03-18
10;AI;back-end;1080p Mercado;back-end;Versatil;Cambridgeshire Seychelles;Papelería;2023-03-18
