id;json
35e61bfe-2cf5-46f9-aebd-ad68d19c8519;Librería CSS digital
24dd037c-fa74-4c24-b183-810b3d86a06a;Librería Account Malta
ba48fa5d-ced9-4dc3-bb04-5b9139593890;models
548c1e25-1b0f-44a4-9588-45883c86b41e;Bricolaje Humano
85f54bdf-1f49-4567-8fa2-8585bbc12a25;pixel indexing
42c2c67d-919b-4676-8994-1b4eae8fd314;index
c90dfd66-e4a0-439c-94ed-afd9b944959a;Open-source Videojuegos
0d5580b0-6c72-4615-8e25-acc079930f33;Cambridgeshire bypassing Seguro
fd072f9e-f9c0-4df8-bd64-18e230a6d0b9;Acero
9d49d882-99a7-43e4-97dc-a496b5fa5623;de Plástico
