id;name;excerpt;body;image;creation_date
1;technologies Ordenador;hack Sabroso instalación;index;6th Mascotas world-class;2023-03-18
2;Account bricks-and-clicks;systems Bacon Bahamas;Algodón Programa;auxiliary Account;2023-03-18
3;Seguridada Lithuanian;Loan proceso data-warehouse;Account platforms;withdrawal Cine;2023-03-18
4;quantify;CSS Queso;basado interfaces;Ladrillo;2023-03-18
5;benficios HDD;multiestado multiestado;Polígono Forint connect;Filipinas Inversor;2023-03-18
6;PNG Pizza;Granito mediante archivo;Amarillo Pescado Inverso;Especialista capacitor Card;2023-03-17
7;Plástico Bloque fritas;override;Vía Metal;Pescado;2023-03-18
8;Acero Ergonómico;Madera synthesizing PNG;Aragón Profundo;bypass;2023-03-18
9;toda Cliente;Shilling generación;withdrawal;Fantástico Negro;2023-03-17
10;mediante Andalucía Edificio;Fantástico Uruguay Sorprendente;Canarias;payment Decoración Negro;2023-03-18
