id;name;description;excerpt;creation_date;time;status
1;Croatian driver e-services;transmit virtual;Ronda;2023-03-17;59267;Rojo card backing
2;transmitter Vasco;Kiribati;Blanco;2023-03-18;74943;value-added embrace interface
3;Asociado;Interno;Videojuegos Buckinghamshire;2023-03-18;62387;1080p 24/7
4;Implementado a Usabilidad;XSS Papelería;array;2023-03-17;24112;Moda Oficial Fácil
5;e-tailers;Funcionalidad reboot payment;Buckinghamshire;2023-03-18;52590;Riera index
6;Plástico paralelismo;out-of-the-box distributed;Metal;2023-03-18;66071;Heredado payment Identidad
7;Gris;Ladrillo Ensalada;quantify;2023-03-17;59466;program engineer Monte
8;Guapo Partida;Morado Metal proactive;mano maximize;2023-03-18;39496;Salida navigate León
9;bandwidth International Croatian;connect Dinánmico visualize;Central Bedfordshire copy;2023-03-18;89910;Cine Borders Ejecutivo
10;Inversor copy index;hack;Namibia Pequeño;2023-03-18;3660;Sabroso
